<?xml version="1.0" encoding="UTF-8"?>
<project-private xmlns="http://www.netbeans.org/ns/project-private/1">
    <editor-bookmarks xmlns="http://www.netbeans.org/ns/editor-bookmarks/2" lastBookmarkId="0"/>
    <open-files xmlns="http://www.netbeans.org/ns/projectui-open-files/2">
        <group>
            <file>file:/D:/Program%20Files%20(x86)/tron_final/src/Game/GameGUI.java</file>
            <file>file:/D:/Program%20Files%20(x86)/tron_final/src/Menu/optiondialog.java</file>
            <file>file:/D:/Program%20Files%20(x86)/tron_final/src/Game/Sprite.java</file>
            <file>file:/D:/Program%20Files%20(x86)/tron_final/src/DB/tron.sql</file>
            <file>file:/D:/Program%20Files%20(x86)/tron_final/src/Menu/okDialog.java</file>
            <file>file:/D:/Program%20Files%20(x86)/tron_final/src/res/ImageSource.java</file>
            <file>file:/D:/Program%20Files%20(x86)/tron_final/src/res/ResourceLoader.java</file>
            <file>file:/D:/Program%20Files%20(x86)/tron_final/src/Game/GameEngine.java</file>
            <file>file:/D:/Program%20Files%20(x86)/tron_final/src/Menu/GameOverDialog.java</file>
            <file>file:/D:/Program%20Files%20(x86)/tron_final/src/DB/HighScoreDB.java</file>
            <file>file:/D:/Program%20Files%20(x86)/tron_final/src/res/AudioSource.java</file>
            <file>file:/D:/Program%20Files%20(x86)/tron_final/src/Game/Bike.java</file>
            <file>file:/D:/Program%20Files%20(x86)/tron_final/src/Game/Colour.java</file>
            <file>file:/D:/Program%20Files%20(x86)/tron_final/src/Game/Direction.java</file>
            <file>file:/D:/Program%20Files%20(x86)/tron_final/src/Menu/namedialog.java</file>
            <file>file:/D:/Program%20Files%20(x86)/tron_final/src/Menu/OKCancelDialog.java</file>
            <file>file:/D:/Program%20Files%20(x86)/tron_final/src/Game/LightTrace.java</file>
            <file>file:/D:/Program%20Files%20(x86)/tron_final/src/Game/TronMain.java</file>
            <file>file:/D:/Program%20Files%20(x86)/tron_final/src/DB/HighScore.java</file>
        </group>
    </open-files>
</project-private>
