<?xml version="1.0" encoding="UTF-8"?>
<project-private xmlns="http://www.netbeans.org/ns/project-private/1">
    <editor-bookmarks xmlns="http://www.netbeans.org/ns/editor-bookmarks/2" lastBookmarkId="0"/>
    <open-files xmlns="http://www.netbeans.org/ns/projectui-open-files/2">
        <group name="Field">
            <file>file:/D:/Program%20Files%20(x86)/assignment1/src/assignment1/EmptyFileException.java</file>
            <file>file:/D:/Program%20Files%20(x86)/assignment1/src/assignment1/Assignment1.java</file>
            <file>file:/D:/Program%20Files%20(x86)/assignment1/src/assignment1/Board.java</file>
        </group>
    </open-files>
</project-private>
